{"loss": [0.05842599645256996, 0.019953148439526558, 0.03278452530503273, 0.012361161410808563, 0.00987294316291809, 0.007157673593610525, 0.005534101277589798, 0.006970198825001717, 0.00793664250522852, 0.008443848229944706, 0.012405546382069588, 0.0013204310089349747, 0.0057317777536809444, 0.009642569348216057, 0.01171329990029335, 0.0006638828199356794, 0.003507263259962201, 0.0013305399334058166, 0.004409067332744598, 0.015235558152198792, 0.005485103465616703], "accuracy": [0.9846458435058594, 0.9949501752853394, 0.9942677617073059, 0.9965879917144775, 0.9974750876426697, 0.9976798295974731, 0.998225748538971, 0.9978163242340088, 0.9980210065841675, 0.9979527592658997, 0.9974750876426697, 0.99952232837677, 0.9978845119476318, 0.9984304904937744, 0.9969291687011719, 0.9997952580451965, 0.9995905756950378, 0.9995905756950378, 0.9984986782073975, 0.9971339106559753, 0.9987034201622009]}