{"loss": [0.18696287274360657, 0.11528012901544571, 0.10029122233390808, 0.08654545247554779, 0.080113984644413, 0.07144265621900558, 0.06703221052885056, 0.0647849515080452, 0.059219539165496826, 0.05443573743104935, 0.050981555134058, 0.04778881371021271, 0.04548250511288643, 0.042722560465335846, 0.03911574184894562, 0.03829994425177574, 0.03285945579409599, 0.03264010325074196, 0.03004026971757412, 0.030298147350549698, 0.0267809871584177, 0.025001348927617073, 0.02323480136692524, 0.02109229750931263, 0.020216025412082672, 0.020776847377419472, 0.018403807654976845, 0.01679404266178608, 0.015881342813372612, 0.014344017952680588, 0.014479310251772404, 0.012691468000411987, 0.012177912518382072, 0.010882813483476639, 0.01066981814801693, 0.00985267199575901, 0.009624029509723186, 0.009316929616034031, 0.008446780033409595, 0.006872336380183697, 0.007206304464489222, 0.006903830915689468], "accuracy": [0.9268853068351746, 0.9572684168815613, 0.9616334438323975, 0.9678938388824463, 0.9696743488311768, 0.9728332757949829, 0.9744988679885864, 0.9751306772232056, 0.9782896041870117, 0.9798403382301331, 0.9806444048881531, 0.9829992651939392, 0.9838033318519592, 0.9851818084716797, 0.9866750836372375, 0.9869048595428467, 0.9894319772720337, 0.9894319772720337, 0.9902360439300537, 0.9899488687515259, 0.9908678531646729, 0.9932226538658142, 0.9932801127433777, 0.9942564964294434, 0.993509829044342, 0.9936821460723877, 0.9950606226921082, 0.9946585297584534, 0.9956349730491638, 0.9963241815567017, 0.9963241815567017, 0.9968985319137573, 0.9967836141586304, 0.9974154233932495, 0.9980472326278687, 0.9976451396942139, 0.9979897737503052, 0.9975877404212952, 0.998678982257843, 0.9988512992858887, 0.9988512992858887, 0.998678982257843]}