{"loss": [0.06584056466817856, 0.020711960271000862, 0.013740931637585163, 0.02494656667113304, 0.009906533174216747, 0.0038332981057465076, 0.00803404487669468, 0.012509206309914589, 0.007663242984563112, 0.004750816151499748, 0.007824929431080818], "accuracy": [0.9843313694000244, 0.9948225617408752, 0.9970706701278687, 0.9943456649780273, 0.9967300295829773, 0.9984331130981445, 0.9985693693161011, 0.9963893890380859, 0.99761563539505, 0.9985012412071228, 0.9979562759399414]}