{"loss": [0.3855944573879242, 0.15021274983882904, 0.029766535386443138, 0.043486133217811584, 0.019873524084687233, 0.020736783742904663, 0.004432267975062132, 0.0033608980011194944, 0.010528642684221268, 0.022469352930784225, 0.002253578510135412, 0.020337538793683052, 0.08838900923728943, 0.061522796750068665], "accuracy": [0.8921389579772949, 0.9625228643417358, 0.988116979598999, 0.988116979598999, 0.9917733073234558, 0.9917733073234558, 0.998171865940094, 0.9990859031677246, 0.9963436722755432, 0.9917733073234558, 0.9990859031677246, 0.9972577691078186, 0.9890310764312744, 0.988116979598999]}