{"loss": [0.29436567425727844, 0.07662170380353928, 0.04135134443640709, 0.03451694920659065, 0.09618513286113739, 0.05771546810865402, 0.020397059619426727, 0.020754123106598854, 0.021543260663747787, 0.0033712205477058887, 0.0084982393309474, 0.033636193722486496, 0.006280113011598587], "accuracy": [0.9262966513633728, 0.9827115535736084, 0.9863512516021729, 0.9918107390403748, 0.9708825945854187, 0.9863512516021729, 0.993630588054657, 0.9954504370689392, 0.993630588054657, 0.9990900754928589, 0.9954504370689392, 0.9945405125617981, 0.9963603019714355]}