{"loss": [0.1432609111070633, 0.06384625285863876, 0.03433522954583168, 0.051784124225378036, 0.048527780920267105, 0.03902929276227951, 0.010797364637255669, 0.04776618257164955, 0.040310878306627274, 0.010123451240360737, 0.025036931037902832, 0.011635636910796165, 0.015812741592526436, 0.006474494002759457, 0.024386610835790634, 0.039405979216098785, 0.006002820562571287, 0.00814107060432434, 0.010821571573615074, 0.005178274121135473, 0.004437147174030542, 0.009164689108729362, 0.003993307240307331, 0.00192652631085366, 0.0024402046110481024, 0.1894473135471344, 0.032390378415584564, 0.04516236484050751, 0.02536149136722088], "accuracy": [0.9585044980049133, 0.9819227457046509, 0.9909613728523254, 0.985620379447937, 0.9876745939254761, 0.9901396632194519, 0.9963023662567139, 0.993837296962738, 0.9926047921180725, 0.9971240758895874, 0.9926047921180725, 0.9975349307060242, 0.9958915114402771, 0.9975349307060242, 0.9954807162284851, 0.9901396632194519, 0.9991782903671265, 0.9987674355506897, 0.9971240758895874, 0.9975349307060242, 0.9979457855224609, 0.9979457855224609, 0.9983566403388977, 0.9991782903671265, 0.9991782903671265, 0.9609696269035339, 0.9889071583747864, 0.9872637391090393, 0.9909613728523254]}